Sl.No,User,pre_boundary_created,pre_boundary_mod,pre_boundary_del,primary_boundary_created,primary_boundary_mod,primary_boundary_del,pre_sch_created,pre_sch_mod,pre_sch_del,primary_sch_created,primary_sch_mod,primary_sch_del,pre_stud_created,pre_stud_mod,pre_stud_del,primary_stud_created,primary_stud_mod,primary_stud_del,pre_teacher_created,pre_teacher_mod,pre_teacher_del,primary_teacher_created,primary_teacher_mod,primary_teacher_del,Assess Id,Akshara Ganitha-Copy of 2nd Pretest Num Of correct Entries,Akshara Ganitha-Copy of 2nd Pretest Num Of incorrect Entries,Akshara Ganitha-Copy of 2nd Pretest Num Of verified Entries,Akshara Ganitha-Copy of 2nd Pretest Num Of rectified Entries,Assess Id,Akshara Ganitha-Copy of 2nd Post test Num Of correct Entries,Akshara Ganitha-Copy of 2nd Post test Num Of incorrect Entries,Akshara Ganitha-Copy of 2nd Post test Num Of verified Entries,Akshara Ganitha-Copy of 2nd Post test Num Of rectified Entries,Assess Id,Akshara Ganitha-Copy of 3rd Post test Num Of correct Entries,Akshara Ganitha-Copy of 3rd Post test Num Of incorrect Entries,Akshara Ganitha-Copy of 3rd Post test Num Of verified Entries,Akshara Ganitha-Copy of 3rd Post test Num Of rectified Entries,Assess Id,Akshara Ganitha-Copy of 4th Post test Num Of correct Entries,Akshara Ganitha-Copy of 4th Post test Num Of incorrect Entries,Akshara Ganitha-Copy of 4th Post test Num Of verified Entries,Akshara Ganitha-Copy of 4th Post test Num Of rectified Entries,Assess Id,Akshara Ganitha-Copy of 3rd Pretest Num Of correct Entries,Akshara Ganitha-Copy of 3rd Pretest Num Of incorrect Entries,Akshara Ganitha-Copy of 3rd Pretest Num Of verified Entries,Akshara Ganitha-Copy of 3rd Pretest Num Of rectified Entries,Assess Id,Akshara Ganitha-Copy of 4th Pretest Num Of correct Entries,Akshara Ganitha-Copy of 4th Pretest Num Of incorrect Entries,Akshara Ganitha-Copy of 4th Pretest Num Of verified Entries,Akshara Ganitha-Copy of 4th Pretest Num Of rectified Entries,Assess Id,Akshara Ganitha-aug01-flexi-asmnt Num Of correct Entries,Akshara Ganitha-aug01-flexi-asmnt Num Of incorrect Entries,Akshara Ganitha-aug01-flexi-asmnt Num Of verified Entries,Akshara Ganitha-aug01-flexi-asmnt Num Of rectified Entries
1,ak10dwd,0,0,0,0,0,0,0,0,0,0,0,0,0,0,0,0,0,0,0,0,0,0,0,0,165,0,0,0,0,166,0,0,0,0,167,0,0,0,0,168,0,0,0,0,170,0,0,0,0,171,0,0,0,0,173,0,0,0,0
2,ak10gdg,0,0,0,0,0,0,0,0,0,0,0,0,0,0,0,0,0,0,0,0,0,0,0,0,165,0,0,0,0,166,0,0,0,0,167,0,0,0,0,168,0,0,0,0,170,0,0,0,0,171,0,0,0,0,173,0,0,0,0
3,ak10kop,0,0,0,0,0,0,0,0,0,0,0,0,0,0,0,0,0,0,0,0,0,0,0,0,165,0,0,0,0,166,0,0,0,0,167,0,0,0,0,168,0,0,0,0,170,0,0,0,0,171,0,0,0,0,173,0,0,0,0
4,ak11dwd,0,0,0,0,0,0,0,0,0,0,0,0,0,0,0,0,0,0,0,0,0,0,0,0,165,0,0,0,0,166,0,0,0,0,167,0,0,0,0,168,0,0,0,0,170,0,0,0,0,171,0,0,0,0,173,0,0,0,0
5,ak12dwd,0,0,0,0,0,0,0,0,0,0,0,0,0,0,0,0,0,0,0,0,0,0,0,0,165,0,0,0,0,166,0,0,0,0,167,0,0,0,0,168,0,0,0,0,170,0,0,0,0,171,0,0,0,0,173,0,0,0,0
6,ak13dwd,0,0,0,0,0,0,0,0,0,0,0,0,0,0,0,0,0,0,0,0,0,0,0,0,165,0,0,0,0,166,0,0,0,0,167,0,0,0,0,168,0,0,0,0,170,0,0,0,0,171,0,0,0,0,173,0,0,0,0
7,ak14dwd,0,0,0,0,0,0,0,0,0,0,0,0,0,0,0,0,0,0,0,0,0,0,0,0,165,0,0,0,0,166,0,0,0,0,167,0,0,0,0,168,0,0,0,0,170,0,0,0,0,171,0,0,0,0,173,0,0,0,0
8,ak15dwd,0,0,0,0,0,0,0,0,0,0,0,0,0,0,0,0,0,0,0,0,0,0,0,0,165,0,0,0,0,166,0,0,0,0,167,0,0,0,0,168,0,0,0,0,170,0,0,0,0,171,0,0,0,0,173,0,0,0,0
9,ak1dwd,0,0,0,0,0,0,0,0,0,0,0,0,1,0,1,0,0,0,0,6,0,0,0,0,165,0,0,0,0,166,0,0,0,0,167,0,0,0,0,168,0,0,0,0,170,0,0,0,0,171,0,0,0,0,173,0,0,0,0
10,ak1gdg,0,0,0,0,0,0,0,0,0,0,0,0,0,0,0,0,0,0,0,0,0,0,0,0,165,0,0,0,0,166,0,0,0,0,167,0,0,0,0,168,0,0,0,0,170,0,0,0,0,171,0,0,0,0,173,0,0,0,0
11,ak1gul,0,0,0,0,0,0,0,0,0,0,0,0,0,0,0,0,0,0,0,0,0,0,0,0,165,0,0,0,0,166,0,0,0,0,167,0,0,0,0,168,0,0,0,0,170,0,0,0,0,171,0,0,0,0,173,0,0,0,0
12,ak1kop,0,0,0,0,0,0,0,0,0,0,0,0,0,0,0,0,0,0,0,0,0,0,0,0,165,0,0,0,0,166,0,0,0,0,167,0,0,0,0,168,0,0,0,0,170,0,0,0,0,171,0,0,0,0,173,0,0,0,0
13,ak2dwd,0,0,0,0,0,0,0,0,0,0,0,0,0,0,0,0,0,0,0,0,0,0,0,0,165,0,0,0,0,166,0,0,0,0,167,0,0,0,0,168,0,0,0,0,170,0,0,0,0,171,0,0,0,0,173,0,0,0,0
14,ak2gdg,0,0,0,0,0,0,0,0,0,0,0,0,0,0,0,0,0,0,0,0,0,0,0,0,165,0,0,0,0,166,0,0,0,0,167,0,0,0,0,168,0,0,0,0,170,0,0,0,0,171,0,0,0,0,173,0,0,0,0
15,ak2gul,0,0,0,0,0,0,0,0,0,0,0,0,0,0,0,0,0,0,0,0,0,0,0,0,165,0,0,0,0,166,0,0,0,0,167,0,0,0,0,168,0,0,0,0,170,0,0,0,0,171,0,0,0,0,173,0,0,0,0
16,ak2kop,0,0,0,0,0,0,0,0,0,0,0,0,0,0,0,0,0,0,0,0,0,0,0,0,165,0,0,0,0,166,0,0,0,0,167,0,0,0,0,168,0,0,0,0,170,0,0,0,0,171,0,0,0,0,173,0,0,0,0
17,ak3dwd,0,0,0,0,0,0,0,0,0,0,0,0,0,0,0,0,0,0,0,0,0,0,0,0,165,0,0,0,0,166,0,0,0,0,167,0,0,0,0,168,0,0,0,0,170,0,0,0,0,171,0,0,0,0,173,0,0,0,0
18,ak3gdg,0,0,0,0,0,0,0,0,0,0,0,0,0,0,0,0,0,0,0,0,0,0,0,0,165,0,0,0,0,166,0,0,0,0,167,0,0,0,0,168,0,0,0,0,170,0,0,0,0,171,0,0,0,0,173,0,0,0,0
19,ak3kop,0,0,0,0,0,0,0,0,0,0,0,0,0,0,0,0,0,0,0,0,0,0,0,0,165,0,0,0,0,166,0,0,0,0,167,0,0,0,0,168,0,0,0,0,170,0,0,0,0,171,0,0,0,0,173,0,0,0,0
20,ak4dwd,0,0,0,0,0,0,0,0,0,0,0,0,0,0,0,0,0,0,0,0,0,0,0,0,165,0,0,0,0,166,0,0,0,0,167,0,0,0,0,168,0,0,0,0,170,0,0,0,0,171,0,0,0,0,173,0,0,0,0
21,ak4gdg,0,0,0,0,0,0,0,0,0,0,0,0,0,0,0,0,0,0,0,0,0,0,0,0,165,0,0,0,0,166,0,0,0,0,167,0,0,0,0,168,0,0,0,0,170,0,0,0,0,171,0,0,0,0,173,0,0,0,0
22,ak4kop,0,0,0,0,0,0,0,0,0,0,0,0,0,0,0,0,0,0,0,0,0,0,0,0,165,0,0,0,0,166,0,0,0,0,167,0,0,0,0,168,0,0,0,0,170,0,0,0,0,171,0,0,0,0,173,0,0,0,0
23,ak5dwd,0,0,0,0,0,0,0,0,0,0,0,0,0,0,0,0,0,0,0,0,0,0,0,0,165,0,0,0,0,166,0,0,0,0,167,0,0,0,0,168,0,0,0,0,170,0,0,0,0,171,0,0,0,0,173,0,0,0,0
24,ak5gdg,0,0,0,0,0,0,0,0,0,0,0,0,0,0,0,0,0,0,0,0,0,0,0,0,165,0,0,0,0,166,0,0,0,0,167,0,0,0,0,168,0,0,0,0,170,0,0,0,0,171,0,0,0,0,173,0,0,0,0
25,ak5kop,0,0,0,0,0,0,0,0,0,0,0,0,0,0,0,0,0,0,0,0,0,0,0,0,165,0,0,0,0,166,0,0,0,0,167,0,0,0,0,168,0,0,0,0,170,0,0,0,0,171,0,0,0,0,173,0,0,0,0
26,ak6dwd,0,0,0,0,0,0,0,0,0,0,0,0,0,0,0,0,0,0,0,0,0,0,0,0,165,0,0,0,0,166,0,0,0,0,167,0,0,0,0,168,0,0,0,0,170,0,0,0,0,171,0,0,0,0,173,0,0,0,0
27,ak6gdg,0,0,0,0,0,0,0,0,0,0,0,0,0,0,0,0,0,0,0,0,0,0,0,0,165,0,0,0,0,166,0,0,0,0,167,0,0,0,0,168,0,0,0,0,170,0,0,0,0,171,0,0,0,0,173,0,0,0,0
28,ak6kop,0,0,0,0,0,0,0,0,0,0,0,0,0,0,0,0,0,0,0,0,0,0,0,0,165,0,0,0,0,166,0,0,0,0,167,0,0,0,0,168,0,0,0,0,170,0,0,0,0,171,0,0,0,0,173,0,0,0,0
29,ak7dwd,0,0,0,0,0,0,0,0,0,0,0,0,0,0,0,0,0,0,0,0,0,0,0,0,165,0,0,0,0,166,0,0,0,0,167,0,0,0,0,168,0,0,0,0,170,0,0,0,0,171,0,0,0,0,173,0,0,0,0
30,ak7gdg,0,0,0,0,0,0,0,0,0,0,0,0,0,0,0,0,0,0,0,0,0,0,0,0,165,0,0,0,0,166,0,0,0,0,167,0,0,0,0,168,0,0,0,0,170,0,0,0,0,171,0,0,0,0,173,0,0,0,0
31,ak7kop,0,0,0,0,0,0,0,0,0,0,0,0,0,0,0,0,0,0,0,0,0,0,0,0,165,0,0,0,0,166,0,0,0,0,167,0,0,0,0,168,0,0,0,0,170,0,0,0,0,171,0,0,0,0,173,0,0,0,0
32,ak8dwd,0,0,0,0,0,0,0,0,0,0,0,0,0,0,0,0,0,0,0,0,0,0,0,0,165,0,0,0,0,166,0,0,0,0,167,0,0,0,0,168,0,0,0,0,170,0,0,0,0,171,0,0,0,0,173,0,0,0,0
33,ak8gdg,0,0,0,0,0,0,0,0,0,0,0,0,0,0,0,0,0,0,0,0,0,0,0,0,165,0,0,0,0,166,0,0,0,0,167,0,0,0,0,168,0,0,0,0,170,0,0,0,0,171,0,0,0,0,173,0,0,0,0
34,ak8kop,0,0,0,0,0,0,0,0,0,0,0,0,0,0,0,0,0,0,0,0,0,0,0,0,165,0,0,0,0,166,0,0,0,0,167,0,0,0,0,168,0,0,0,0,170,0,0,0,0,171,0,0,0,0,173,0,0,0,0
35,ak9dwd,0,0,0,0,0,0,0,0,0,0,0,0,0,0,0,0,0,0,0,0,0,0,0,0,165,0,0,0,0,166,0,0,0,0,167,0,0,0,0,168,0,0,0,0,170,0,0,0,0,171,0,0,0,0,173,0,0,0,0
36,ak9gdg,0,0,0,0,0,0,0,0,0,0,0,0,0,0,0,0,0,0,0,0,0,0,0,0,165,0,0,0,0,166,0,0,0,0,167,0,0,0,0,168,0,0,0,0,170,0,0,0,0,171,0,0,0,0,173,0,0,0,0
37,ak9kop,0,0,0,0,0,0,0,0,0,0,0,0,0,0,0,0,0,0,0,0,0,0,0,0,165,0,0,0,0,166,0,0,0,0,167,0,0,0,0,168,0,0,0,0,170,0,0,0,0,171,0,0,0,0,173,0,0,0,0
38,gayathri,0,0,0,0,0,0,0,0,0,0,0,0,0,0,0,0,0,0,0,0,0,0,0,0,165,0,0,233,1,166,1386,0,126,0,167,1833,0,455,52,168,1518,0,188,10,170,0,0,1009,5,171,31,233,557,4,173,0,0,0,0
39,mohsina,0,0,0,0,0,0,0,0,0,0,0,0,0,0,0,0,0,0,0,0,0,0,0,0,165,0,0,653,15,166,630,0,250,2,167,1677,0,233,1,168,1518,1,132,0,170,0,0,1003,11,171,33,0,947,10,173,0,0,0,0
40,munirathna,0,0,0,0,0,0,0,0,0,0,0,0,0,0,0,0,0,0,0,0,0,0,0,0,165,0,0,0,0,166,756,0,0,0,167,2184,0,0,0,168,2046,0,18,15,170,0,0,0,0,171,0,0,0,0,173,0,0,0,0
41,nalini,0,0,0,0,0,0,0,0,0,0,0,0,0,0,0,0,0,0,0,0,0,0,0,0,165,0,0,459,9,166,1456,254,0,0,167,3275,235,0,0,168,2805,132,0,0,170,156,0,1100,30,171,0,0,980,10,173,0,0,0,0
42,naseem,0,0,0,0,0,0,0,0,0,0,0,0,0,0,0,0,0,0,0,0,0,0,0,0,165,0,0,0,0,166,0,0,0,0,167,0,0,0,0,168,0,0,0,0,170,0,0,0,0,171,0,0,0,0,173,0,0,0,0
43,roopa,0,0,0,0,0,0,0,0,0,0,0,0,0,0,0,0,0,0,0,0,0,0,0,0,165,0,0,1480,32,166,1152,126,0,0,167,2912,559,0,0,168,2729,208,0,0,170,0,0,2342,241,171,0,0,2120,124,173,0,0,0,0
44,sunitha,0,0,0,0,0,0,0,0,0,0,0,0,0,0,0,0,0,0,0,0,0,0,0,0,165,0,0,0,0,166,0,0,0,0,167,0,0,0,0,168,0,0,0,0,170,0,0,0,0,171,0,0,0,0,173,0,0,0,0
45,testmahiti,0,0,0,0,0,0,0,0,0,0,0,0,0,0,0,0,0,0,0,0,0,0,0,0,165,0,0,0,0,166,0,0,0,0,167,0,0,0,0,168,0,0,0,0,170,0,0,0,0,171,0,0,0,0,173,0,0,0,0
46,testuser1,0,0,0,0,0,0,0,0,0,0,0,0,0,0,0,0,0,0,0,0,0,0,0,0,165,0,0,0,0,166,0,0,0,0,167,0,0,0,0,168,0,0,0,0,170,0,0,0,0,171,0,0,0,0,173,0,0,0,0
