Sl.No,User,pre_boundary_created,pre_boundary_mod,pre_boundary_del,primary_boundary_created,primary_boundary_mod,primary_boundary_del,pre_sch_created,pre_sch_mod,pre_sch_del,primary_sch_created,primary_sch_mod,primary_sch_del,pre_stud_created,pre_stud_mod,pre_stud_del,primary_stud_created,primary_stud_mod,primary_stud_del,pre_teacher_created,pre_teacher_mod,pre_teacher_del,primary_teacher_created,primary_teacher_mod,primary_teacher_del,Assess Id,Control Treatment English-Class 1 Pretest Num Of correct Entries,Control Treatment English-Class 1 Pretest Num Of incorrect Entries,Control Treatment English-Class 1 Pretest Num Of verified Entries,Control Treatment English-Class 1 Pretest Num Of rectified Entries,Assess Id,Control Treatment Maths-Class 1 Pretest Num Of correct Entries,Control Treatment Maths-Class 1 Pretest Num Of incorrect Entries,Control Treatment Maths-Class 1 Pretest Num Of verified Entries,Control Treatment Maths-Class 1 Pretest Num Of rectified Entries,Assess Id,Control Treatment English-Class 2 Pretest Num Of correct Entries,Control Treatment English-Class 2 Pretest Num Of incorrect Entries,Control Treatment English-Class 2 Pretest Num Of verified Entries,Control Treatment English-Class 2 Pretest Num Of rectified Entries,Assess Id,Control Treatment English-Class 3 Pretest Num Of correct Entries,Control Treatment English-Class 3 Pretest Num Of incorrect Entries,Control Treatment English-Class 3 Pretest Num Of verified Entries,Control Treatment English-Class 3 Pretest Num Of rectified Entries,Assess Id,Control Treatment English-Class 4 Pretest Num Of correct Entries,Control Treatment English-Class 4 Pretest Num Of incorrect Entries,Control Treatment English-Class 4 Pretest Num Of verified Entries,Control Treatment English-Class 4 Pretest Num Of rectified Entries,Assess Id,Control Treatment Maths-Class 2 Pretest Num Of correct Entries,Control Treatment Maths-Class 2 Pretest Num Of incorrect Entries,Control Treatment Maths-Class 2 Pretest Num Of verified Entries,Control Treatment Maths-Class 2 Pretest Num Of rectified Entries,Assess Id,Control Treatment Maths-Class 3 Pretest Num Of correct Entries,Control Treatment Maths-Class 3 Pretest Num Of incorrect Entries,Control Treatment Maths-Class 3 Pretest Num Of verified Entries,Control Treatment Maths-Class 3 Pretest Num Of rectified Entries,Assess Id,Control Treatment Maths-Class 4 Pretest Num Of correct Entries,Control Treatment Maths-Class 4 Pretest Num Of incorrect Entries,Control Treatment Maths-Class 4 Pretest Num Of verified Entries,Control Treatment Maths-Class 4 Pretest Num Of rectified Entries,Assess Id,Control Treatment Maths-Class 5 Pretest Num Of correct Entries,Control Treatment Maths-Class 5 Pretest Num Of incorrect Entries,Control Treatment Maths-Class 5 Pretest Num Of verified Entries,Control Treatment Maths-Class 5 Pretest Num Of rectified Entries
1,ak10dwd,0,0,0,0,0,0,0,0,0,0,0,0,0,0,0,0,0,0,0,0,0,0,0,0,168,0,0,0,0,169,0,0,0,0,175,0,0,0,0,176,0,0,0,0,177,0,0,0,0,178,0,0,0,0,179,0,0,0,0,180,0,0,0,0,181,0,0,0,0
2,ak10gdg,0,0,0,0,0,0,0,0,0,0,0,0,0,0,0,0,0,0,0,0,0,0,0,0,168,0,0,0,0,169,0,0,0,0,175,0,0,0,0,176,0,0,0,0,177,0,0,0,0,178,0,0,0,0,179,0,0,0,0,180,0,0,0,0,181,0,0,0,0
3,ak10kop,0,0,0,0,0,0,0,0,0,0,0,0,0,0,0,0,0,0,0,0,0,0,0,0,168,0,0,0,0,169,0,0,0,0,175,0,0,0,0,176,0,0,0,0,177,0,0,0,0,178,0,0,0,0,179,0,0,0,0,180,0,0,0,0,181,0,0,0,0
4,ak11dwd,0,0,0,0,0,0,0,0,0,0,0,0,0,0,0,0,0,0,0,0,0,0,0,0,168,0,0,0,0,169,0,0,0,0,175,0,0,0,0,176,0,0,0,0,177,0,0,0,0,178,0,0,0,0,179,0,0,0,0,180,0,0,0,0,181,0,0,0,0
5,ak12dwd,0,0,0,0,0,0,0,0,0,0,0,0,0,0,0,0,0,0,0,0,0,0,0,0,168,0,0,0,0,169,0,0,0,0,175,0,0,0,0,176,0,0,0,0,177,0,0,0,0,178,0,0,0,0,179,0,0,0,0,180,0,0,0,0,181,0,0,0,0
6,ak13dwd,0,0,0,0,0,0,0,0,0,0,0,0,0,0,0,0,0,0,0,0,0,0,0,0,168,0,0,0,0,169,0,0,0,0,175,0,0,0,0,176,0,0,0,0,177,0,0,0,0,178,0,0,0,0,179,0,0,0,0,180,0,0,0,0,181,0,0,0,0
7,ak14dwd,0,0,0,0,0,0,0,0,0,0,0,0,0,0,0,0,0,0,0,0,0,0,0,0,168,0,0,0,0,169,0,0,0,0,175,0,0,0,0,176,0,0,0,0,177,0,0,0,0,178,0,0,0,0,179,0,0,0,0,180,0,0,0,0,181,0,0,0,0
8,ak15dwd,0,0,0,0,0,0,0,0,0,0,0,0,0,0,0,0,0,0,0,0,0,0,0,0,168,0,0,0,0,169,0,0,0,0,175,0,0,0,0,176,0,0,0,0,177,0,0,0,0,178,0,0,0,0,179,0,0,0,0,180,0,0,0,0,181,0,0,0,0
9,ak1dwd,0,0,0,0,0,0,0,0,0,0,0,0,0,0,0,0,0,0,0,0,0,0,0,0,168,0,0,0,0,169,0,0,0,0,175,0,0,0,0,176,0,0,0,0,177,0,0,0,0,178,0,0,0,0,179,0,0,0,0,180,0,0,0,0,181,0,0,0,0
10,ak1gdg,0,0,0,0,0,0,0,0,0,0,0,0,0,0,0,0,0,0,0,0,0,0,0,0,168,0,0,0,0,169,0,0,0,0,175,0,0,0,0,176,0,0,0,0,177,0,0,0,0,178,0,0,0,0,179,0,0,0,0,180,0,0,0,0,181,0,0,0,0
11,ak1gul,0,0,0,0,0,0,0,0,0,0,0,0,0,0,0,0,0,0,0,0,0,0,0,0,168,0,0,0,0,169,0,0,0,0,175,0,0,0,0,176,0,0,0,0,177,0,0,0,0,178,0,0,0,0,179,0,0,0,0,180,0,0,0,0,181,0,0,0,0
12,ak1kop,0,0,0,0,0,0,0,0,0,0,0,0,0,0,0,0,0,0,0,0,0,0,0,0,168,0,0,0,0,169,0,0,0,0,175,0,0,0,0,176,0,0,0,0,177,0,0,0,0,178,0,0,0,0,179,0,0,0,0,180,0,0,0,0,181,0,0,0,0
13,ak2dwd,0,0,0,0,0,0,0,0,0,0,0,0,0,0,0,0,0,0,0,0,0,0,0,0,168,0,0,0,0,169,0,0,0,0,175,0,0,0,0,176,0,0,0,0,177,0,0,0,0,178,0,0,0,0,179,0,0,0,0,180,0,0,0,0,181,0,0,0,0
14,ak2gdg,0,0,0,0,0,0,0,0,0,0,0,0,0,0,0,0,0,0,0,0,0,0,0,0,168,0,0,0,0,169,0,0,0,0,175,0,0,0,0,176,0,0,0,0,177,0,0,0,0,178,0,0,0,0,179,0,0,0,0,180,0,0,0,0,181,0,0,0,0
15,ak2gul,0,0,0,0,0,0,0,0,0,0,0,0,0,0,0,0,0,0,0,0,0,0,0,0,168,0,0,0,0,169,0,0,0,0,175,0,0,0,0,176,0,0,0,0,177,0,0,0,0,178,0,0,0,0,179,0,0,0,0,180,0,0,0,0,181,0,0,0,0
16,ak2kop,0,0,0,0,0,0,0,0,0,0,0,0,0,0,0,0,0,0,0,0,0,0,0,0,168,0,0,0,0,169,0,0,0,0,175,0,0,0,0,176,0,0,0,0,177,0,0,0,0,178,0,0,0,0,179,0,0,0,0,180,0,0,0,0,181,0,0,0,0
17,ak3dwd,0,0,0,0,0,0,0,0,0,0,0,0,0,0,0,0,0,0,0,0,0,0,0,0,168,0,0,0,0,169,0,0,0,0,175,0,0,0,0,176,0,0,0,0,177,0,0,0,0,178,0,0,0,0,179,0,0,0,0,180,0,0,0,0,181,0,0,0,0
18,ak3gdg,0,0,0,0,0,0,0,0,0,0,0,0,0,0,0,0,0,0,0,0,0,0,0,0,168,0,0,0,0,169,0,0,0,0,175,0,0,0,0,176,0,0,0,0,177,0,0,0,0,178,0,0,0,0,179,0,0,0,0,180,0,0,0,0,181,0,0,0,0
19,ak3kop,0,0,0,0,0,0,0,0,0,0,0,0,0,0,0,0,0,0,0,0,0,0,0,0,168,0,0,0,0,169,0,0,0,0,175,0,0,0,0,176,0,0,0,0,177,0,0,0,0,178,0,0,0,0,179,0,0,0,0,180,0,0,0,0,181,0,0,0,0
20,ak4dwd,0,0,0,0,0,0,0,0,0,0,0,0,0,0,0,0,0,0,0,0,0,0,0,0,168,0,0,0,0,169,0,0,0,0,175,0,0,0,0,176,0,0,0,0,177,0,0,0,0,178,0,0,0,0,179,0,0,0,0,180,0,0,0,0,181,0,0,0,0
21,ak4gdg,0,0,0,0,0,0,0,0,0,0,0,0,0,0,0,0,0,0,0,0,0,0,0,0,168,0,0,0,0,169,0,0,0,0,175,0,0,0,0,176,0,0,0,0,177,0,0,0,0,178,0,0,0,0,179,0,0,0,0,180,0,0,0,0,181,0,0,0,0
22,ak4kop,0,0,0,0,0,0,0,0,0,0,0,0,0,0,0,0,0,0,0,0,0,0,0,0,168,0,0,0,0,169,0,0,0,0,175,0,0,0,0,176,0,0,0,0,177,0,0,0,0,178,0,0,0,0,179,0,0,0,0,180,0,0,0,0,181,0,0,0,0
23,ak5dwd,0,0,0,0,0,0,0,0,0,0,0,0,0,0,0,0,0,0,0,0,0,0,0,0,168,0,0,0,0,169,0,0,0,0,175,0,0,0,0,176,0,0,0,0,177,0,0,0,0,178,0,0,0,0,179,0,0,0,0,180,0,0,0,0,181,0,0,0,0
24,ak5gdg,0,0,0,0,0,0,0,0,0,0,0,0,0,0,0,0,0,0,0,0,0,0,0,0,168,0,0,0,0,169,0,0,0,0,175,0,0,0,0,176,0,0,0,0,177,0,0,0,0,178,0,0,0,0,179,0,0,0,0,180,0,0,0,0,181,0,0,0,0
25,ak5kop,0,0,0,0,0,0,0,0,0,0,0,0,0,0,0,0,0,0,0,0,0,0,0,0,168,0,0,0,0,169,0,0,0,0,175,0,0,0,0,176,0,0,0,0,177,0,0,0,0,178,0,0,0,0,179,0,0,0,0,180,0,0,0,0,181,0,0,0,0
26,ak6dwd,0,0,0,0,0,0,0,0,0,0,0,0,0,0,0,0,0,0,0,0,0,0,0,0,168,0,0,0,0,169,0,0,0,0,175,0,0,0,0,176,0,0,0,0,177,0,0,0,0,178,0,0,0,0,179,0,0,0,0,180,0,0,0,0,181,0,0,0,0
27,ak6gdg,0,0,0,0,0,0,0,0,0,0,0,0,0,0,0,0,0,0,0,0,0,0,0,0,168,0,0,0,0,169,0,0,0,0,175,0,0,0,0,176,0,0,0,0,177,0,0,0,0,178,0,0,0,0,179,0,0,0,0,180,0,0,0,0,181,0,0,0,0
28,ak6kop,0,0,0,0,0,0,0,0,0,0,0,0,0,0,0,0,0,0,0,0,0,0,0,0,168,0,0,0,0,169,0,0,0,0,175,0,0,0,0,176,0,0,0,0,177,0,0,0,0,178,0,0,0,0,179,0,0,0,0,180,0,0,0,0,181,0,0,0,0
29,ak7dwd,0,0,0,0,0,0,0,0,0,0,0,0,0,0,0,0,0,0,0,0,0,0,0,0,168,0,0,0,0,169,0,0,0,0,175,0,0,0,0,176,0,0,0,0,177,0,0,0,0,178,0,0,0,0,179,0,0,0,0,180,0,0,0,0,181,0,0,0,0
30,ak7gdg,0,0,0,0,0,0,0,0,0,0,0,0,0,0,0,0,0,0,0,0,0,0,0,0,168,0,0,0,0,169,0,0,0,0,175,0,0,0,0,176,0,0,0,0,177,0,0,0,0,178,0,0,0,0,179,0,0,0,0,180,0,0,0,0,181,0,0,0,0
31,ak7kop,0,0,0,0,0,0,0,0,0,0,0,0,0,0,0,0,0,0,0,0,0,0,0,0,168,0,0,0,0,169,0,0,0,0,175,0,0,0,0,176,0,0,0,0,177,0,0,0,0,178,0,0,0,0,179,0,0,0,0,180,0,0,0,0,181,0,0,0,0
32,ak8dwd,0,0,0,0,0,0,0,0,0,0,0,0,0,0,0,0,0,0,0,0,0,0,0,0,168,0,0,0,0,169,0,0,0,0,175,0,0,0,0,176,0,0,0,0,177,0,0,0,0,178,0,0,0,0,179,0,0,0,0,180,0,0,0,0,181,0,0,0,0
33,ak8gdg,0,0,0,0,0,0,0,0,0,0,0,0,0,0,0,0,0,0,0,0,0,0,0,0,168,0,0,0,0,169,0,0,0,0,175,0,0,0,0,176,0,0,0,0,177,0,0,0,0,178,0,0,0,0,179,0,0,0,0,180,0,0,0,0,181,0,0,0,0
34,ak8kop,0,0,0,0,0,0,0,0,0,0,0,0,0,0,0,0,0,0,0,0,0,0,0,0,168,0,0,0,0,169,0,0,0,0,175,0,0,0,0,176,0,0,0,0,177,0,0,0,0,178,0,0,0,0,179,0,0,0,0,180,0,0,0,0,181,0,0,0,0
35,ak9dwd,0,0,0,0,0,0,0,0,0,0,0,0,0,0,0,0,0,0,0,0,0,0,0,0,168,0,0,0,0,169,0,0,0,0,175,0,0,0,0,176,0,0,0,0,177,0,0,0,0,178,0,0,0,0,179,0,0,0,0,180,0,0,0,0,181,0,0,0,0
36,ak9gdg,0,0,0,0,0,0,0,0,0,0,0,0,0,0,0,0,0,0,0,0,0,0,0,0,168,0,0,0,0,169,0,0,0,0,175,0,0,0,0,176,0,0,0,0,177,0,0,0,0,178,0,0,0,0,179,0,0,0,0,180,0,0,0,0,181,0,0,0,0
37,ak9kop,0,0,0,0,0,0,0,0,0,0,0,0,0,0,0,0,0,0,0,0,0,0,0,0,168,0,0,0,0,169,0,0,0,0,175,0,0,0,0,176,0,0,0,0,177,0,0,0,0,178,0,0,0,0,179,0,0,0,0,180,0,0,0,0,181,0,0,0,0
38,gayathri,0,0,0,0,0,0,0,0,0,0,0,0,0,0,0,24,0,24,0,0,0,0,0,0,168,119,204,473,3,169,124,182,0,0,175,234,364,724,82,176,331,365,695,1,177,0,312,465,289,178,320,280,0,0,179,468,518,0,0,180,217,372,0,0,181,252,392,0,0
39,mohsina,0,0,0,0,0,0,0,0,0,0,0,0,0,0,0,20,0,20,0,0,0,0,0,0,168,323,0,34,0,169,342,0,36,0,175,468,26,156,0,176,576,0,188,4,177,676,0,78,0,178,720,0,200,0,179,850,0,272,0,180,1736,0,93,0,181,1736,0,141,27
40,munirathna,0,0,0,0,0,0,0,0,0,0,0,0,0,0,0,42,0,42,0,0,0,0,0,0,168,408,34,0,0,169,432,36,0,0,175,364,156,0,0,176,692,196,0,0,177,676,78,0,0,178,640,200,0,0,179,1020,272,0,0,180,806,93,0,0,181,869,195,0,0
41,nalini,0,0,0,0,0,0,0,0,0,0,0,0,0,0,0,0,0,0,0,0,0,0,0,0,168,0,0,0,0,169,0,0,0,0,175,0,0,0,0,176,0,0,0,0,177,0,0,0,0,178,0,0,0,0,179,0,0,0,0,180,0,0,0,0,181,0,0,0,0
42,naseem,0,0,0,0,0,0,0,0,0,0,0,0,0,0,0,0,0,0,0,0,0,0,0,0,168,0,0,0,0,169,0,0,0,0,175,0,0,0,0,176,0,0,0,0,177,0,0,0,0,178,0,0,0,0,179,0,0,0,0,180,0,0,0,0,181,0,0,0,0
43,roopa,0,0,0,0,0,0,0,0,0,0,0,0,0,0,0,19,0,19,0,0,0,0,0,0,168,238,0,288,1,169,252,0,214,2,175,468,0,467,1,176,672,0,501,99,177,494,0,509,89,178,1080,0,560,0,179,952,0,502,8,180,589,0,372,0,181,728,0,392,0
44,sunitha,0,0,0,0,0,0,0,0,0,0,0,0,0,0,0,0,0,0,0,0,0,0,0,0,168,0,0,0,0,169,0,0,0,0,175,0,0,0,0,176,0,0,0,0,177,0,0,0,0,178,0,0,0,0,179,0,0,0,0,180,0,0,0,0,181,0,0,0,0
45,testmahiti,0,0,0,0,0,0,0,0,0,0,0,0,0,0,0,0,0,0,0,0,0,0,0,0,168,0,0,0,0,169,0,0,0,0,175,0,0,0,0,176,0,0,0,0,177,0,0,0,0,178,0,0,0,0,179,0,0,0,0,180,0,0,0,0,181,0,0,0,0
46,testuser1,0,0,0,0,0,0,0,0,0,0,0,0,0,0,0,0,0,0,0,0,0,0,0,0,168,0,0,0,0,169,0,0,0,0,175,0,0,0,0,176,0,0,0,0,177,0,0,0,0,178,0,0,0,0,179,0,0,0,0,180,0,0,0,0,181,0,0,0,0
