Sl.No,User,pre_boundary_created,pre_boundary_modified,pre_boundary_deleted,primary_boundary_created,primary_boundary_modified,primary_boundary_deleted,pre_sch_created,pre_sch_modified,pre_sch_deleted,primary_sch_created,primary_sch_modified,primary_sch_deleted,pre_stud_created,pre_stud_modified,pre_stud_deleted,primary_stud_created,primary_stud_modified,primary_stud_deleted,pre_teacher_created,pre_teacher_modified,pre_teacher_deleted,primary_teacher_created,primary_teacher_modified,primary_teacher_deleted,Control Treatment English_Class 1 Pretest_created,Control Treatment English_Class 1 Pretest_verified,Control Treatment English_Class 1 Pretest_rectified,Control Treatment English_Class 1 Pretest_wrong,Control Treatment Maths_Class 1 Pretest_created,Control Treatment Maths_Class 1 Pretest_verified,Control Treatment Maths_Class 1 Pretest_rectified,Control Treatment Maths_Class 1 Pretest_wrong,Control Treatment English_Class 2 Pretest_created,Control Treatment English_Class 2 Pretest_verified,Control Treatment English_Class 2 Pretest_rectified,Control Treatment English_Class 2 Pretest_wrong,Control Treatment English_Class 3 Pretest_created,Control Treatment English_Class 3 Pretest_verified,Control Treatment English_Class 3 Pretest_rectified,Control Treatment English_Class 3 Pretest_wrong,Control Treatment English_Class 4 Pretest_created,Control Treatment English_Class 4 Pretest_verified,Control Treatment English_Class 4 Pretest_rectified,Control Treatment English_Class 4 Pretest_wrong,Control Treatment Maths_Class 2 Pretest_created,Control Treatment Maths_Class 2 Pretest_verified,Control Treatment Maths_Class 2 Pretest_rectified,Control Treatment Maths_Class 2 Pretest_wrong,Control Treatment Maths_Class 3 Pretest_created,Control Treatment Maths_Class 3 Pretest_verified,Control Treatment Maths_Class 3 Pretest_rectified,Control Treatment Maths_Class 3 Pretest_wrong,Control Treatment Maths_Class 4 Pretest_created,Control Treatment Maths_Class 4 Pretest_verified,Control Treatment Maths_Class 4 Pretest_rectified,Control Treatment Maths_Class 4 Pretest_wrong,Control Treatment Maths_Class 5 Pretest_created,Control Treatment Maths_Class 5 Pretest_verified,Control Treatment Maths_Class 5 Pretest_rectified,Control Treatment Maths_Class 5 Pretest_wrong
1,ak1dwd,0,0,0,0,0,0,0,0,0,0,0,0,0,0,0,0,0,0,0,0,0,0,0,0,0,0,0,0,0,0,0,0,0,0,0,0,0,0,0,0,0,0,0,0,0,0,0,0,0,0,0,0,0,0,0,0,0,0,0,0
2,akshara,0,0,0,0,0,0,0,0,0,0,0,0,0,0,0,0,0,0,0,0,0,0,0,0,0,0,0,0,0,0,0,0,0,0,0,0,0,0,0,0,0,0,0,0,0,0,0,0,0,0,0,0,0,0,0,0,0,0,0,0
3,developer,0,0,0,0,0,0,0,0,0,0,0,0,0,0,0,0,0,0,0,0,0,0,0,0,0,0,0,0,0,0,0,0,0,0,0,0,0,0,0,0,0,0,0,0,0,0,0,0,0,0,0,0,0,0,0,0,0,0,0,0
4,gayathri,0,0,0,0,0,0,0,0,0,0,0,0,0,0,0,26,26,0,0,0,0,0,0,0,323,762,3,1,306,806,4,9,598,1321,83,13,696,1390,2,7,312,1343,321,0,1160,1292,308,0,986,1938,0,9,589,1767,31,0,700,2040,4,0
5,megha,0,0,0,0,0,0,0,0,0,0,0,0,0,0,0,0,0,0,0,0,0,0,0,0,0,0,0,0,0,0,0,0,0,0,0,0,0,0,0,0,0,0,0,0,0,0,0,0,0,0,0,0,0,0,0,0,0,0,0,0
6,mohsina,0,0,0,0,0,0,0,0,0,0,0,0,0,0,0,20,20,0,0,0,0,0,0,0,323,51,0,2,342,54,0,0,494,182,0,1,576,284,4,1,676,104,0,7,720,240,0,1,850,408,0,1,1736,124,0,27,1736,234,74,4
7,munirathna,0,0,0,0,0,0,0,0,0,0,0,0,0,0,0,42,42,0,0,0,0,0,0,0,442,612,0,72,468,648,0,0,546,1240,8,5,888,1305,15,25,754,1404,0,151,840,1920,0,8,1292,1799,37,1,899,1666,8,13,1064,1735,1,81
8,nalini,0,0,0,0,0,0,0,0,0,0,0,0,0,0,0,3,3,0,0,0,0,0,0,0,187,574,72,0,0,683,1,0,312,645,5,7,264,939,21,0,312,806,156,0,0,1031,9,0,0,1392,2,0,0,1030,117,0,56,996,12,0
9,roopa,0,0,0,0,0,0,0,0,0,0,0,0,0,0,0,19,19,0,0,0,0,0,0,0,238,778,4,0,252,819,9,0,468,1104,14,0,696,1315,101,1,676,1055,89,0,1080,1679,1,0,986,1996,10,0,589,1565,16,0,728,1260,0,1
