Sl.No,User,pre_boundary_created,pre_boundary_mod,pre_boundary_del,primary_boundary_created,primary_boundary_mod,primary_boundary_del,pre_sch_created,pre_sch_mod,pre_sch_del,primary_sch_created,primary_sch_mod,primary_sch_del,pre_stud_created,pre_stud_mod,pre_stud_del,primary_stud_created,primary_stud_mod,primary_stud_del,pre_teacher_created,pre_teacher_mod,pre_teacher_del,primary_teacher_created,primary_teacher_mod,primary_teacher_del,Assess Id,Control Treatment English-Class 1 Posttest Num Of correct Entries,Control Treatment English-Class 1 Posttest Num Of incorrect Entries,Control Treatment English-Class 1 Posttest Num Of verified Entries,Control Treatment English-Class 1 Posttest Num Of rectified Entries,Assess Id,Control Treatment English-Class 2 Posttest Num Of correct Entries,Control Treatment English-Class 2 Posttest Num Of incorrect Entries,Control Treatment English-Class 2 Posttest Num Of verified Entries,Control Treatment English-Class 2 Posttest Num Of rectified Entries,Assess Id,Control Treatment English-Class 3 Posttest Num Of correct Entries,Control Treatment English-Class 3 Posttest Num Of incorrect Entries,Control Treatment English-Class 3 Posttest Num Of verified Entries,Control Treatment English-Class 3 Posttest Num Of rectified Entries,Assess Id,Control Treatment English-Class 4 Posttest Num Of correct Entries,Control Treatment English-Class 4 Posttest Num Of incorrect Entries,Control Treatment English-Class 4 Posttest Num Of verified Entries,Control Treatment English-Class 4 Posttest Num Of rectified Entries,Assess Id,Control Treatment Maths-Class 1 Posttest Num Of correct Entries,Control Treatment Maths-Class 1 Posttest Num Of incorrect Entries,Control Treatment Maths-Class 1 Posttest Num Of verified Entries,Control Treatment Maths-Class 1 Posttest Num Of rectified Entries,Assess Id,Control Treatment Maths-Class 2 Posttest Num Of correct Entries,Control Treatment Maths-Class 2 Posttest Num Of incorrect Entries,Control Treatment Maths-Class 2 Posttest Num Of verified Entries,Control Treatment Maths-Class 2 Posttest Num Of rectified Entries,Assess Id,Control Treatment Maths-Class 3 Posttest Num Of correct Entries,Control Treatment Maths-Class 3 Posttest Num Of incorrect Entries,Control Treatment Maths-Class 3 Posttest Num Of verified Entries,Control Treatment Maths-Class 3 Posttest Num Of rectified Entries,Assess Id,Control Treatment Maths-Class 4 Posttest Num Of correct Entries,Control Treatment Maths-Class 4 Posttest Num Of incorrect Entries,Control Treatment Maths-Class 4 Posttest Num Of verified Entries,Control Treatment Maths-Class 4 Posttest Num Of rectified Entries,Assess Id,Control Treatment Maths-Class 5 Posttest Num Of correct Entries,Control Treatment Maths-Class 5 Posttest Num Of incorrect Entries,Control Treatment Maths-Class 5 Posttest Num Of verified Entries,Control Treatment Maths-Class 5 Posttest Num Of rectified Entries
2,ak1dwd,0,0,0,0,0,0,0,0,0,431,0,12,0,0,0,18,0,0,0,0,0,0,0,0,203,0,0,0,0,204,0,0,0,0,205,0,0,0,0,206,0,0,0,0,207,0,0,0,0,209,0,0,0,0,210,0,0,0,0,211,0,0,0,0,212,0,0,0,0
2,ak1dwd,0,0,0,0,0,0,0,0,0,431,0,12,0,0,0,18,0,0,0,0,0,0,0,0,203,0,0,0,0,204,0,0,0,0,205,0,0,0,0,206,0,0,0,0,207,0,0,0,0,209,0,0,0,0,210,0,0,0,0,211,0,0,0,0,212,0,0,0,0
1,ak10dwd,0,0,0,0,0,0,0,0,0,0,0,0,0,0,0,0,0,0,0,0,0,0,0,0,203,0,0,0,0,204,0,0,0,0,205,0,0,0,0,206,0,0,0,0,207,0,0,0,0,209,0,0,0,0,210,0,0,0,0,211,0,0,0,0,212,0,0,0,0
3,ak1kop,0,0,0,0,0,0,0,0,0,0,0,0,0,0,0,0,0,0,0,0,0,0,0,0,203,0,0,0,0,204,0,0,0,0,205,0,0,0,0,206,0,0,0,0,207,0,0,0,0,209,0,0,0,0,210,0,0,0,0,211,0,0,0,0,212,0,0,0,0
3,ak1kop,0,0,0,0,0,0,0,0,0,0,0,0,0,0,0,0,0,0,0,0,0,0,0,0,203,0,0,0,0,204,0,0,0,0,205,0,0,0,0,206,0,0,0,0,207,0,0,0,0,209,0,0,0,0,210,0,0,0,0,211,0,0,0,0,212,0,0,0,0
2,ak1dwd,0,0,0,0,0,0,0,0,0,431,0,12,0,0,0,18,0,0,0,0,0,0,0,0,203,0,0,0,0,204,0,0,0,0,205,0,0,0,0,206,0,0,0,0,207,0,0,0,0,209,0,0,0,0,210,0,0,0,0,211,0,0,0,0,212,0,0,0,0
4,ak2dwd,0,0,0,0,0,0,0,0,0,0,0,0,0,0,0,39,0,0,0,0,0,0,0,0,203,0,0,0,0,204,0,0,0,0,205,0,0,0,0,206,0,0,0,0,207,0,0,0,0,209,0,0,0,0,210,0,0,0,0,211,0,0,0,0,212,0,0,0,0
4,ak2dwd,0,0,0,0,0,0,0,0,0,0,0,0,0,0,0,39,0,0,0,0,0,0,0,0,203,0,0,0,0,204,0,0,0,0,205,0,0,0,0,206,0,0,0,0,207,0,0,0,0,209,0,0,0,0,210,0,0,0,0,211,0,0,0,0,212,0,0,0,0
3,ak1kop,0,0,0,0,0,0,0,0,0,0,0,0,0,0,0,0,0,0,0,0,0,0,0,0,203,0,0,0,0,204,0,0,0,0,205,0,0,0,0,206,0,0,0,0,207,0,0,0,0,209,0,0,0,0,210,0,0,0,0,211,0,0,0,0,212,0,0,0,0
5,ak3dwd,0,0,0,0,0,0,0,0,0,0,0,0,0,0,0,706,3,5,0,0,0,0,0,0,203,0,0,0,0,204,0,0,0,0,205,0,0,0,0,206,0,0,0,0,207,0,0,0,0,209,0,0,0,0,210,0,0,0,0,211,0,0,0,0,212,0,0,0,0
5,ak3dwd,0,0,0,0,0,0,0,0,0,0,0,0,0,0,0,706,3,5,0,0,0,0,0,0,203,0,0,0,0,204,0,0,0,0,205,0,0,0,0,206,0,0,0,0,207,0,0,0,0,209,0,0,0,0,210,0,0,0,0,211,0,0,0,0,212,0,0,0,0
4,ak2dwd,0,0,0,0,0,0,0,0,0,0,0,0,0,0,0,39,0,0,0,0,0,0,0,0,203,0,0,0,0,204,0,0,0,0,205,0,0,0,0,206,0,0,0,0,207,0,0,0,0,209,0,0,0,0,210,0,0,0,0,211,0,0,0,0,212,0,0,0,0
6,ak3kop,0,0,0,0,0,0,0,0,0,0,0,0,0,0,0,0,0,0,0,0,0,0,0,0,203,0,0,0,0,204,0,0,0,0,205,0,0,0,0,206,0,0,0,0,207,0,0,0,0,209,0,0,0,0,210,0,0,0,0,211,0,0,0,0,212,0,0,0,0
6,ak3kop,0,0,0,0,0,0,0,0,0,0,0,0,0,0,0,0,0,0,0,0,0,0,0,0,203,0,0,0,0,204,0,0,0,0,205,0,0,0,0,206,0,0,0,0,207,0,0,0,0,209,0,0,0,0,210,0,0,0,0,211,0,0,0,0,212,0,0,0,0
5,ak3dwd,0,0,0,0,0,0,0,0,0,0,0,0,0,0,0,706,3,5,0,0,0,0,0,0,203,0,0,0,0,204,0,0,0,0,205,0,0,0,0,206,0,0,0,0,207,0,0,0,0,209,0,0,0,0,210,0,0,0,0,211,0,0,0,0,212,0,0,0,0
7,ak4dwd,0,0,0,0,0,0,0,0,0,0,0,0,0,0,0,348,0,23,0,0,0,0,0,0,203,0,0,0,0,204,0,0,0,0,205,0,0,0,0,206,0,0,0,0,207,0,0,0,0,209,0,0,0,0,210,0,0,0,0,211,0,0,0,0,212,0,0,0,0
7,ak4dwd,0,0,0,0,0,0,0,0,0,0,0,0,0,0,0,348,0,23,0,0,0,0,0,0,203,0,0,0,0,204,0,0,0,0,205,0,0,0,0,206,0,0,0,0,207,0,0,0,0,209,0,0,0,0,210,0,0,0,0,211,0,0,0,0,212,0,0,0,0
6,ak3kop,0,0,0,0,0,0,0,0,0,0,0,0,0,0,0,0,0,0,0,0,0,0,0,0,203,0,0,0,0,204,0,0,0,0,205,0,0,0,0,206,0,0,0,0,207,0,0,0,0,209,0,0,0,0,210,0,0,0,0,211,0,0,0,0,212,0,0,0,0
8,ak5dwd,0,0,0,0,0,0,0,0,0,0,0,0,0,0,0,483,5,0,0,0,0,0,0,0,203,0,0,0,0,204,0,0,0,0,205,0,0,0,0,206,0,0,0,0,207,0,0,0,0,209,0,0,0,0,210,0,0,0,0,211,0,0,0,0,212,0,0,0,0
8,ak5dwd,0,0,0,0,0,0,0,0,0,0,0,0,0,0,0,483,5,0,0,0,0,0,0,0,203,0,0,0,0,204,0,0,0,0,205,0,0,0,0,206,0,0,0,0,207,0,0,0,0,209,0,0,0,0,210,0,0,0,0,211,0,0,0,0,212,0,0,0,0
7,ak4dwd,0,0,0,0,0,0,0,0,0,0,0,0,0,0,0,348,0,23,0,0,0,0,0,0,203,0,0,0,0,204,0,0,0,0,205,0,0,0,0,206,0,0,0,0,207,0,0,0,0,209,0,0,0,0,210,0,0,0,0,211,0,0,0,0,212,0,0,0,0
9,ak6dwd,0,0,0,0,0,0,0,0,0,0,0,0,0,0,0,394,14,2,0,0,0,0,0,0,203,0,0,0,0,204,0,0,0,0,205,0,0,0,0,206,0,0,0,0,207,0,0,0,0,209,0,0,0,0,210,0,0,0,0,211,0,0,0,0,212,0,0,0,0
9,ak6dwd,0,0,0,0,0,0,0,0,0,0,0,0,0,0,0,394,14,2,0,0,0,0,0,0,203,0,0,0,0,204,0,0,0,0,205,0,0,0,0,206,0,0,0,0,207,0,0,0,0,209,0,0,0,0,210,0,0,0,0,211,0,0,0,0,212,0,0,0,0
8,ak5dwd,0,0,0,0,0,0,0,0,0,0,0,0,0,0,0,483,5,0,0,0,0,0,0,0,203,0,0,0,0,204,0,0,0,0,205,0,0,0,0,206,0,0,0,0,207,0,0,0,0,209,0,0,0,0,210,0,0,0,0,211,0,0,0,0,212,0,0,0,0
10,devi,0,0,0,0,0,0,0,0,0,0,0,0,0,0,0,0,0,0,0,0,0,0,0,0,203,0,0,0,0,204,0,0,0,0,205,0,0,0,0,206,0,0,0,0,207,0,0,0,0,209,0,0,0,0,210,0,0,0,0,211,0,0,0,0,212,0,0,0,0
10,devi,0,0,0,0,0,0,0,0,0,0,0,0,0,0,0,0,0,0,0,0,0,0,0,0,203,0,0,0,0,204,0,0,0,0,205,0,0,0,0,206,0,0,0,0,207,0,0,0,0,209,0,0,0,0,210,0,0,0,0,211,0,0,0,0,212,0,0,0,0
9,ak6dwd,0,0,0,0,0,0,0,0,0,0,0,0,0,0,0,394,14,2,0,0,0,0,0,0,203,0,0,0,0,204,0,0,0,0,205,0,0,0,0,206,0,0,0,0,207,0,0,0,0,209,0,0,0,0,210,0,0,0,0,211,0,0,0,0,212,0,0,0,0
11,gayathri,0,0,0,0,0,0,0,0,0,0,0,0,0,0,0,6980,26,87,0,0,0,267,4,5,203,595,23,272,0,204,676,15,598,0,205,672,9,864,0,206,728,26,673,3,207,630,9,290,0,209,1080,7,864,16,210,952,36,1209,15,211,868,13,773,33,212,756,48,1146,2
11,gayathri,0,0,0,0,0,0,0,0,0,0,0,0,0,0,0,6980,26,87,0,0,0,267,4,5,203,595,23,272,0,204,676,15,598,0,205,672,9,864,0,206,728,26,673,3,207,630,9,290,0,209,1080,7,864,16,210,952,36,1209,15,211,868,13,773,33,212,756,48,1146,2
10,devi,0,0,0,0,0,0,0,0,0,0,0,0,0,0,0,0,0,0,0,0,0,0,0,0,203,0,0,0,0,204,0,0,0,0,205,0,0,0,0,206,0,0,0,0,207,0,0,0,0,209,0,0,0,0,210,0,0,0,0,211,0,0,0,0,212,0,0,0,0
12,mohsina,0,0,0,0,0,0,0,0,0,0,0,0,0,0,0,10817,137,163,0,0,0,314,5,11,203,612,9,1075,2,204,1353,0,1482,0,205,1488,45,1608,0,206,1145,3,2292,20,207,666,6,1104,12,209,2043,121,2355,2,210,2040,0,2279,33,211,1459,89,2623,43,212,1260,3,2265,31
12,mohsina,0,0,0,0,0,0,0,0,0,0,0,0,0,0,0,10817,137,163,0,0,0,314,5,11,203,612,9,1075,2,204,1353,0,1482,0,205,1488,45,1608,0,206,1145,3,2292,20,207,666,6,1104,12,209,2043,121,2355,2,210,2040,0,2279,33,211,1459,89,2623,43,212,1260,3,2265,31
11,gayathri,0,0,0,0,0,0,0,0,0,0,0,0,0,0,0,6980,26,87,0,0,0,267,4,5,203,595,23,272,0,204,676,15,598,0,205,672,9,864,0,206,728,26,673,3,207,630,9,290,0,209,1080,7,864,16,210,952,36,1209,15,211,868,13,773,33,212,756,48,1146,2
13,munirathna,0,0,0,0,0,0,0,0,0,0,0,0,0,0,0,7758,7,94,0,0,0,155,0,0,203,391,4,572,23,204,650,6,609,15,205,962,57,640,32,206,936,48,702,26,207,342,25,837,9,209,920,5,1033,7,210,1326,40,1011,43,211,1054,35,943,49,212,1153,57,714,70
13,munirathna,0,0,0,0,0,0,0,0,0,0,0,0,0,0,0,7758,7,94,0,0,0,155,0,0,203,391,4,572,23,204,650,6,609,15,205,962,57,640,32,206,936,48,702,26,207,342,25,837,9,209,920,5,1033,7,210,1326,40,1011,43,211,1054,35,943,49,212,1153,57,714,70
12,mohsina,0,0,0,0,0,0,0,0,0,0,0,0,0,0,0,10817,137,163,0,0,0,314,5,11,203,612,9,1075,2,204,1353,0,1482,0,205,1488,45,1608,0,206,1145,3,2292,20,207,666,6,1104,12,209,2043,121,2355,2,210,2040,0,2279,33,211,1459,89,2623,43,212,1260,3,2265,31
14,nalini,0,0,0,0,0,0,0,0,0,0,0,0,0,0,0,4928,165,52,0,0,0,110,0,0,203,272,0,387,4,204,572,0,670,6,205,888,23,927,57,206,676,3,888,48,207,504,0,317,25,209,920,16,995,5,210,1361,22,1270,40,211,930,69,1019,35,212,1180,24,1091,57
15,roopa,0,0,0,0,0,0,0,0,0,0,0,0,0,0,0,7137,25,43,0,0,0,104,0,0,203,1071,2,603,9,204,1483,0,1352,0,205,1608,0,1443,45,206,2288,20,1141,3,207,1116,12,660,6,209,2320,2,1937,121,210,2312,33,2040,0,211,2666,43,1368,89,212,2296,31,1257,3
14,nalini,0,0,0,0,0,0,0,0,0,0,0,0,0,0,0,4928,165,52,0,0,0,110,0,0,203,272,0,387,4,204,572,0,670,6,205,888,23,927,57,206,676,3,888,48,207,504,0,317,25,209,920,16,995,5,210,1361,22,1270,40,211,930,69,1019,35,212,1180,24,1091,57
15,roopa,0,0,0,0,0,0,0,0,0,0,0,0,0,0,0,7137,25,43,0,0,0,104,0,0,203,1071,2,603,9,204,1483,0,1352,0,205,1608,0,1443,45,206,2288,20,1141,3,207,1116,12,660,6,209,2320,2,1937,121,210,2312,33,2040,0,211,2666,43,1368,89,212,2296,31,1257,3
13,munirathna,0,0,0,0,0,0,0,0,0,0,0,0,0,0,0,7758,7,94,0,0,0,155,0,0,203,391,4,572,23,204,650,6,609,15,205,962,57,640,32,206,936,48,702,26,207,342,25,837,9,209,920,5,1033,7,210,1326,40,1011,43,211,1054,35,943,49,212,1153,57,714,70
14,nalini,0,0,0,0,0,0,0,0,0,0,0,0,0,0,0,4928,165,52,0,0,0,110,0,0,203,272,0,387,4,204,572,0,670,6,205,888,23,927,57,206,676,3,888,48,207,504,0,317,25,209,920,16,995,5,210,1361,22,1270,40,211,930,69,1019,35,212,1180,24,1091,57
15,roopa,0,0,0,0,0,0,0,0,0,0,0,0,0,0,0,7137,25,43,0,0,0,104,0,0,203,1071,2,603,9,204,1483,0,1352,0,205,1608,0,1443,45,206,2288,20,1141,3,207,1116,12,660,6,209,2320,2,1937,121,210,2312,33,2040,0,211,2666,43,1368,89,212,2296,31,1257,3
