Sl.No,User,pre_boundary_created,pre_boundary_mod,pre_boundary_del,primary_boundary_created,primary_boundary_mod,primary_boundary_del,pre_sch_created,pre_sch_mod,pre_sch_del,primary_sch_created,primary_sch_mod,primary_sch_del,pre_stud_created,pre_stud_mod,pre_stud_del,primary_stud_created,primary_stud_mod,primary_stud_del,pre_teacher_created,pre_teacher_mod,pre_teacher_del,primary_teacher_created,primary_teacher_mod,primary_teacher_del,Assess Id,Anganwadi-Indicator-Mallur Anganwadi-Indicator Num Of correct Entries,Anganwadi-Indicator-Mallur Anganwadi-Indicator Num Of incorrect Entries,Anganwadi-Indicator-Mallur Anganwadi-Indicator Num Of verified Entries,Anganwadi-Indicator-Mallur Anganwadi-Indicator Num Of rectified Entries,Assess Id,Control Treatment English-Class 1 Pretest Num Of correct Entries,Control Treatment English-Class 1 Pretest Num Of incorrect Entries,Control Treatment English-Class 1 Pretest Num Of verified Entries,Control Treatment English-Class 1 Pretest Num Of rectified Entries,Assess Id,Control Treatment Maths-Class 1 Pretest Num Of correct Entries,Control Treatment Maths-Class 1 Pretest Num Of incorrect Entries,Control Treatment Maths-Class 1 Pretest Num Of verified Entries,Control Treatment Maths-Class 1 Pretest Num Of rectified Entries,Assess Id,Control Treatment English-Class 2 Pretest Num Of correct Entries,Control Treatment English-Class 2 Pretest Num Of incorrect Entries,Control Treatment English-Class 2 Pretest Num Of verified Entries,Control Treatment English-Class 2 Pretest Num Of rectified Entries,Assess Id,Control Treatment English-Class 3 Pretest Num Of correct Entries,Control Treatment English-Class 3 Pretest Num Of incorrect Entries,Control Treatment English-Class 3 Pretest Num Of verified Entries,Control Treatment English-Class 3 Pretest Num Of rectified Entries,Assess Id,Control Treatment English-Class 4 Pretest Num Of correct Entries,Control Treatment English-Class 4 Pretest Num Of incorrect Entries,Control Treatment English-Class 4 Pretest Num Of verified Entries,Control Treatment English-Class 4 Pretest Num Of rectified Entries,Assess Id,Control Treatment Maths-Class 2 Pretest Num Of correct Entries,Control Treatment Maths-Class 2 Pretest Num Of incorrect Entries,Control Treatment Maths-Class 2 Pretest Num Of verified Entries,Control Treatment Maths-Class 2 Pretest Num Of rectified Entries,Assess Id,Control Treatment Maths-Class 3 Pretest Num Of correct Entries,Control Treatment Maths-Class 3 Pretest Num Of incorrect Entries,Control Treatment Maths-Class 3 Pretest Num Of verified Entries,Control Treatment Maths-Class 3 Pretest Num Of rectified Entries,Assess Id,Control Treatment Maths-Class 4 Pretest Num Of correct Entries,Control Treatment Maths-Class 4 Pretest Num Of incorrect Entries,Control Treatment Maths-Class 4 Pretest Num Of verified Entries,Control Treatment Maths-Class 4 Pretest Num Of rectified Entries,Assess Id,Control Treatment Maths-Class 5 Pretest Num Of correct Entries,Control Treatment Maths-Class 5 Pretest Num Of incorrect Entries,Control Treatment Maths-Class 5 Pretest Num Of verified Entries,Control Treatment Maths-Class 5 Pretest Num Of rectified Entries
1,ak1dwd,0,0,0,0,0,0,0,0,0,0,0,0,3,3,0,0,0,0,0,0,8,0,0,0,164,0,0,0,0,168,0,0,0,0,169,0,0,0,0,175,0,0,0,0,176,0,0,0,0,177,0,0,0,0,178,0,0,0,0,179,0,0,0,0,180,0,0,0,0,181,0,0,0,0
2,ak2dwd,0,0,0,0,0,0,0,0,0,0,0,0,0,0,0,0,0,0,0,0,2,0,0,0,164,0,0,0,0,168,0,0,0,0,169,0,0,0,0,175,0,0,0,0,176,0,0,0,0,177,0,0,0,0,178,0,0,0,0,179,0,0,0,0,180,0,0,0,0,181,0,0,0,0
3,ak3dwd,0,0,0,0,0,0,0,0,0,0,0,0,6,6,0,0,0,0,0,0,1,0,0,0,164,0,0,0,0,168,0,0,0,0,169,0,0,0,0,175,0,0,0,0,176,0,0,0,0,177,0,0,0,0,178,0,0,0,0,179,0,0,0,0,180,0,0,0,0,181,0,0,0,0
4,gayathri,0,0,0,0,0,0,0,0,0,0,0,0,0,0,0,29,29,0,0,0,0,0,0,0,164,720,26,702,18,168,340,0,0,0,169,396,0,0,0,175,416,0,0,0,176,600,0,0,0,177,598,0,0,0,178,920,0,0,0,179,816,0,0,0,180,713,0,0,0,181,448,0,0,0
5,mohsina,0,0,0,0,0,0,0,0,0,0,0,0,0,0,0,33,33,0,0,0,0,0,0,0,164,936,2,791,1,168,476,0,0,0,169,504,0,0,0,175,780,0,0,0,176,696,0,0,0,177,780,0,0,0,178,680,0,0,0,179,986,0,0,0,180,0,0,0,0,181,0,0,0,0
6,munirathna,0,0,0,0,0,0,0,0,0,0,0,0,0,0,0,0,0,0,0,0,0,0,0,0,164,0,0,0,0,168,0,0,0,0,169,0,0,0,0,175,0,0,0,0,176,0,0,0,0,177,0,0,0,0,178,0,0,0,0,179,0,0,0,0,180,0,0,0,0,181,0,0,0,0
7,nalini,0,0,0,0,0,0,0,0,0,0,0,0,0,0,0,25,25,0,0,0,0,0,0,0,164,864,1,934,2,168,153,0,0,0,169,360,0,0,0,175,260,0,0,0,176,360,0,0,0,177,286,0,0,0,178,840,0,0,0,179,816,0,0,0,180,713,0,0,0,181,672,0,0,0
8,roopa,0,0,0,0,0,0,0,0,0,0,0,0,0,0,0,33,33,0,0,0,0,0,0,0,164,720,18,694,26,168,374,0,0,0,169,396,0,0,0,175,754,0,0,0,176,624,0,0,0,177,962,0,0,0,178,840,0,0,0,179,884,0,0,0,180,1116,0,0,0,181,952,0,0,0
9,sunitha,0,0,0,0,0,0,0,0,0,0,0,0,0,0,0,0,0,0,0,0,0,0,0,0,164,0,0,0,0,168,0,0,0,0,169,0,0,0,0,175,0,0,0,0,176,0,0,0,0,177,0,0,0,0,178,0,0,0,0,179,0,0,0,0,180,0,0,0,0,181,0,0,0,0
